"Rk","School","G","W","L","W.L.","SRS","SOS","W.1","L.1","W.2","L.2","W.3","L.3","Tm.","Opp.","X.","MP","FG","FGA","FG.","X3P","X3PA","X3P.","FT","FTA","FT.","ORB","TRB","AST","STL","BLK","TOV","PF"
"1","Air Force","28","5","23",".179","-5.63","5.04","1","17","","","","","1880","2089","","","690","1684",".410","130","414",".314","370","589",".628","","1040","385","154","79","","555"
"2","Akron","26","3","23",".115","-11.17","2.51","0","18","","","","","1631","1949","","","575","1409",".408","114","361",".316","367","528",".695","","782","307","147","60","","454"
"3","Alabama-Birmingham","30","16","14",".533","3.66","3.70","6","8","","","","","2070","2051","","","737","1803",".409","187","579",".323","409","617",".663","","1163","366","209","100","","620"
"4","Alabama State","27","9","18",".333","-23.56","-12.77","5","9","","","","","1995","2226","","","713","1677",".425","178","487",".366","391","607",".644","","834","289","225","51","","482"
"5","Alabama","32","19","13",".594","7.00","6.13","9","7","","","","","2303","2275","","","843","1974",".427","255","700",".364","362","546",".663","","1252","408","197","196","","567"
"6","Alcorn State","25","10","15",".400","-18.20","-9.20","7","7","","","","","1942","2088","","","721","1623",".444","121","403",".300","379","576",".658","","1009","354","233","90","","558"
"7","American","27","12","15",".444","-2.04","-1.27","8","8","","","","","2019","1978","","","688","1607",".428","149","442",".337","494","692",".714","","906","319","240","82","","475"
"8","Appalachian State","28","8","20",".286","-14.16","-1.12","3","11","","","","","2007","2308","","","716","1556",".460","167","458",".365","408","599",".681","","898","411","179","88","","455"
"9","Arizona State","27","11","16",".407","1.56","5.89","6","12","","","","","1980","2115","","","727","1713",".424","170","530",".321","356","555",".641","","981","412","225","104","","557"
"10","Arizona","33","26","7",".788","18.14","8.42","13","5","","","","","2693","2372","","","973","1981",".491","222","590",".376","525","796",".660","","1253","589","244","117","","590"
"11","Arkansas-Little Rock","30","23","7",".767","6.29","-1.03","14","4","","","","","2295","2033","","","817","1755",".466","155","409",".379","506","736",".688","","1135","405","215","109","","563"
"12","Arkansas State","27","9","18",".333","-6.56","-0.10","7","11","","","","","1866","2030","","","672","1535",".438","149","414",".360","373","610",".611","","905","331","177","80","","568"
"13","Arkansas","33","20","13",".606","11.67","8.09","9","7","","","","","2560","2442","","","947","2143",".442","190","586",".324","476","763",".624","","1314","501","300","147","","678"
"14","Army","27","7","20",".259","-21.68","-10.64","2","10","","","","","1792","1983","","","634","1602",".396","156","463",".337","368","556",".662","","990","344","174","48","","612"
"15","Auburn","32","19","13",".594","6.08","4.18","6","10","","","","","2378","2283","","","814","1868",".436","287","806",".356","463","686",".675","","1188","482","251","88","","536"
"16","Austin Peay","30","19","11",".633","-0.41","-4.20","10","6","","","","","2377","2224","","","888","1848",".481","211","561",".376","390","570",".684","","1028","525","258","126","","467"
"17","Ball State","28","16","12",".571","2.97","1.83","11","7","","","","","2066","2034","","","749","1723",".435","169","512",".330","399","584",".683","","972","400","327","71","","587"
"18","Baylor","27","9","18",".333","-2.69","1.15","4","10","","","","","2008","2065","","","717","1707",".420","155","514",".302","419","663",".632","","1073","368","198","118","","547"
"19","Bethune-Cookman","27","12","15",".444","-17.80","-12.93","8","8","","","","","1820","1847","","","630","1562",".403","163","531",".307","397","578",".687","","908","348","246","80","","489"
"20","Boise State","28","15","13",".536","-3.05","-2.21","10","4","","","","","1805","1827","","","623","1444",".431","198","570",".347","361","508",".711","","774","376","226","43","","604"
"21","Boston College","30","19","11",".633","16.93","9.23","10","8","","","","","2346","2115","","","803","1740",".461","193","549",".352","547","775",".706","","1204","428","217","93","","571"
"22","Boston University","29","18","11",".621","-1.05","-4.33","13","5","","","","","2037","1942","","","743","1676",".443","116","422",".275","435","675",".644","","1090","409","225","90","","578"
"23","Bowling Green State","27","14","13",".519","3.01","2.93","9","9","","","","","1842","1778","","","648","1441",".450","136","360",".378","410","599",".684","","905","328","181","55","","463"
"24","Bradley","30","22","8",".733","9.71","3.55","15","3","","","","","2136","1951","","","739","1656",".446","156","407",".383","502","718",".699","","1073","447","217","97","","539"
"25","Brigham Young","28","15","13",".536","7.89","4.00","9","9","","","","","2303","2194","","","802","1690",".475","112","335",".334","587","767",".765","","1061","479","185","71","","599"
"26","Brown","26","10","16",".385","-10.95","-5.91","5","9","","","","","1632","1763","","","564","1312",".430","169","479",".353","335","488",".686","","866","346","146","83","","486"
"27","Bucknell","28","17","11",".607","-5.71","-7.33","8","4","","","","","1981","1864","","","651","1483",".439","170","477",".356","509","707",".720","","1023","371","200","90","","506"
"28","Buffalo","27","13","14",".481","-11.68","-9.75","10","8","","","","","1817","1869","","","615","1577",".390","183","505",".362","404","637",".634","","1065","348","198","66","","529"
"29","Butler","27","19","8",".704","1.56","-2.67","12","4","","","","","1923","1810","","","644","1386",".465","120","334",".359","515","760",".678","","965","346","129","83","","502"
"30","Cal Poly","29","16","13",".552","-7.45","-6.69","5","1","","","","","2328","2206","","","828","1944",".426","223","696",".320","449","726",".618","","1174","484","349","58","","621"
"31","Cal State Fullerton","26","6","20",".231","-8.67","1.10","5","13","","","","","1742","1996","","","611","1498",".408","118","409",".289","402","604",".666","","883","316","171","64","","542"
"32","Cal State Northridge","27","7","20",".259","-14.48","-3.35","2","4","","","","","1827","2090","","","647","1558",".415","174","569",".306","359","546",".658","","932","357","195","67","","527"
"33","UC-Irvine","27","15","12",".556","0.63","-1.44","11","7","","","","","2026","1970","","","672","1493",".450","199","520",".383","483","750",".644","","940","395","165","60","","564"
"34","UC-Santa Barbara","26","11","15",".423","-1.99","-0.95","8","10","","","","","1811","1838","","","639","1449",".441","191","509",".375","342","487",".702","","897","405","148","76","","433"
"35","University of California","28","17","11",".607","11.90","6.44","11","7","","","","","2117","1964","","","716","1598",".448","153","433",".353","532","759",".701","","1037","368","216","121","","541"
"36","Campbell","28","17","11",".607","-7.05","-6.62","11","5","","","","","1840","1802","","","664","1562",".425","190","512",".371","322","467",".690","","865","423","218","64","","486"
"37","Canisius","30","19","11",".633","1.13","-1.60","7","7","","","","","1973","1891","","","695","1654",".420","161","504",".319","422","606",".696","","1013","433","198","82","","476"
"38","Centenary (LA)","27","11","16",".407","-10.49","-6.21","8","8","","","","","2067","2133","","","741","1769",".419","198","671",".295","387","595",".650","","1035","410","214","68","","524"
"39","Central Connecticut State","28","13","15",".464","-12.95","-10.80","9","9","","","","","2206","2227","","","786","1804",".436","102","379",".269","532","750",".709","","1216","412","270","235","","620"
"40","Central Florida","30","11","19",".367","-10.00","-3.83","6","10","","","","","2243","2395","","","797","1757",".454","201","561",".358","448","629",".712","","1110","445","175","103","","653"
"41","Central Michigan","26","6","20",".231","-3.57","3.14","3","15","","","","","1787","1914","","","655","1421",".461","150","383",".392","327","469",".697","","851","385","121","128","","492"
"42","Charleston Southern","28","15","13",".536","-7.77","-6.96","9","5","","","","","2044","1974","","","724","1564",".463","163","450",".362","433","651",".665","","1020","464","204","108","","662"
"43","Charlotte","29","14","15",".483","7.44","6.78","6","8","","","","","1990","1963","","","705","1688",".418","162","514",".315","418","620",".674","","1087","382","191","59","","586"
"44","Chattanooga","27","15","12",".556","-1.98","-6.02","9","5","","","","","1977","1817","","","720","1636",".440","175","520",".337","362","537",".674","","1012","360","179","52","","523"
"45","Chicago State","27","2","25",".074","-29.06","-7.25","2","16","","","","","2013","2602","","","751","1859",".404","187","555",".337","324","527",".615","","994","372","234","105","","590"
"46","Cincinnati","33","28","5",".848","22.11","7.69","11","3","","","","","2627","2151","","","939","2014",".466","181","507",".357","568","840",".676","","1360","546","277","105","","701"
"47","Citadel","26","10","16",".385","-16.89","-6.10","5","9","","","","","1796","1956","","","646","1480",".436","143","425",".336","361","537",".672","","923","293","134","107","","497"
"48","Clemson","29","18","11",".621","13.18","8.18","7","9","","","","","1971","1826","","","691","1551",".446","149","440",".339","440","668",".659","","999","374","199","86","","535"
"49","Cleveland State","26","5","21",".192","-14.77","-2.08","3","13","","","","","1587","1917","","","566","1393",".406","120","386",".311","335","507",".661","","836","287","140","49","","552"
"50","Coastal Carolina","26","5","21",".192","-19.52","-7.10","1","13","","","","","1740","1992","","","621","1580",".393","162","520",".312","336","540",".622","","969","292","192","65","","552"
"51","Colgate","30","15","15",".500","-4.68","-3.65","9","3","","","","","2164","2195","","","765","1708",".448","186","515",".361","448","685",".654","","1103","401","198","195","","559"
"52","College of Charleston","29","25","4",".862","3.86","-7.33","15","1","","","","","2164","1806","","","811","1681",".482","118","337",".350","424","638",".665","","1081","480","289","108","","481"
"53","Colorado State","30","18","12",".600","7.51","5.12","11","7","","","","","2355","2224","","","851","1683",".506","182","461",".395","471","659",".715","","1046","491","217","141","","504"
"54","Colorado","27","9","18",".333","1.31","6.60","3","11","","","","","2048","2191","","","742","1672",".444","159","429",".371","405","582",".696","","1065","472","192","130","","566"
"55","Columbia","26","7","19",".269","-15.71","-5.51","3","11","","","","","1519","1732","","","515","1237",".416","173","508",".341","316","500",".632","","770","313","199","52","","469"
"56","Connecticut","35","32","3",".914","26.05","8.19","17","1","","","","","2890","2265","","","1061","2236",".475","258","633",".408","510","698",".731","","1519","659","286","190","","598"
"57","Coppin State","29","19","10",".655","-7.05","-11.65","14","2","","","","","2280","2075","","","828","1650",".502","201","560",".359","423","634",".667","","1013","465","228","59","","467"
"58","Cornell","26","10","16",".385","-12.02","-6.82","5","9","","","","","1674","1766","","","589","1419",".415","186","534",".348","310","453",".684","","925","301","185","76","","497"
"59","Creighton","29","14","15",".483","0.95","1.20","9","9","","","","","1931","1935","","","707","1774",".399","172","547",".314","345","545",".633","","1096","382","206","101","","596"
"60","Dartmouth","26","16","10",".615","-8.80","-6.96","9","5","","","","","1662","1676","","","620","1424",".435","172","460",".374","250","356",".702","","853","380","178","92","","426"
"61","Davidson","30","25","5",".833","9.47","-4.90","14","0","","","","","2528","2047","","","890","1859",".479","167","485",".344","581","809",".718","","1131","502","320","97","","651"
"62","Dayton","29","15","14",".517","-0.16","-0.64","6","10","","","","","2045","2031","","","725","1579",".459","142","467",".304","453","712",".636","","1153","406","131","89","","539"
"63","Delaware State","28","11","17",".393","-23.95","-12.13","8","8","","","","","1979","2297","","","720","1819",".396","151","479",".315","388","617",".629","","1049","342","210","67","","623"
"64","Delaware","27","15","12",".556","0.26","-3.38","11","7","","","","","2003","1827","","","727","1513",".481","140","370",".378","409","552",".741","","967","421","195","110","","485"
"65","DePaul","29","11","18",".379","6.20","7.93","2","12","","","","","2036","2086","","","800","1826",".438","172","522",".330","264","397",".665","","1048","442","237","92","","496"
"66","Detroit Mercy","29","18","11",".621","2.67","-0.04","8","8","","","","","1955","1862","","","696","1600",".435","113","312",".362","450","669",".673","","1096","356","163","102","","596"
"67","Drake","27","12","15",".444","-0.74","2.74","8","10","","","","","1876","1970","","","659","1505",".438","151","436",".346","407","671",".607","","865","328","273","79","","573"
"68","Drexel","31","27","4",".871","10.97","-5.06","17","1","","","","","2560","2056","","","868","1828",".475","241","612",".394","583","816",".714","","1280","517","191","78","","569"
"69","Duke","31","18","13",".581","16.06","10.48","8","8","","","","","2336","2163","","","830","1866",".445","231","615",".376","445","633",".703","","1083","439","186","112","","596"
"70","Duquesne","27","9","18",".333","-0.06","3.87","3","13","","","","","2017","2123","","","743","1688",".440","166","456",".364","365","549",".665","","933","434","238","78","","512"
"71","East Carolina","28","17","11",".607","-2.82","-3.08","8","8","","","","","1933","1911","","","672","1532",".439","149","435",".343","440","653",".674","","1073","366","148","91","","583"
"72","East Tennessee State","27","7","20",".259","-12.63","-2.35","3","11","","","","","1992","2212","","","738","1658",".445","145","457",".317","371","558",".665","","944","354","228","89","","453"
"73","Eastern Illinois","28","13","15",".464","-13.67","-8.97","9","9","","","","","1933","2053","","","691","1599",".432","170","497",".342","381","647",".589","","978","433","247","87","","517"
"74","Eastern Kentucky","27","13","14",".481","-8.03","-4.63","7","9","","","","","2013","2059","","","688","1540",".447","165","456",".362","472","697",".677","","931","401","216","41","","520"
"75","Eastern Michigan","31","25","6",".806","11.54","3.71","14","4","","","","","2594","2304","","","943","1967",".479","177","499",".355","531","751",".707","","1149","475","242","120","","571"
"76","Eastern Washington","26","3","23",".115","-15.51","-1.42","0","14","","","","","1697","1993","","","636","1473",".432","102","331",".308","323","444",".727","","883","335","151","56","","499"
"77","Evansville","27","13","14",".481","3.62","1.92","9","9","","","","","1943","1897","","","675","1457",".463","180","444",".405","413","596",".693","","954","429","150","62","","560"
"78","Fairfield","30","20","10",".667","-1.62","-2.89","10","4","","","","","2127","2089","","","723","1595",".453","195","540",".361","486","678",".717","","1023","465","193","100","","619"
"79","Fairleigh Dickinson","27","7","20",".259","-14.27","-6.82","6","12","","","","","1811","2012","","","656","1450",".452","152","413",".368","347","561",".619","","1010","332","164","87","","493"
"80","Florida A&M","27","8","19",".296","-24.46","-10.68","3","13","","","","","1671","1915","","","619","1615",".383","117","415",".282","316","558",".566","","1107","305","178","198","","515"
"81","Florida Atlantic","27","9","18",".333","-7.28","-5.93","5","11","","","","","1865","1867","","","648","1483",".437","133","373",".357","436","630",".692","","959","305","210","104","","504"
"82","Florida International","28","13","15",".464","-14.34","-6.84","6","10","","","","","2054","2204","","","699","1652",".423","240","722",".332","416","621",".670","","906","378","217","58","","622"
"83","Florida State","27","13","14",".481","10.94","8.72","5","11","","","","","2033","1973","","","727","1650",".441","175","506",".346","404","620",".652","","1002","396","236","233","","508"
"84","Florida","28","12","16",".429","7.65","11.40","6","10","","","","","1869","1974","","","707","1647",".429","143","454",".315","312","470",".664","","969","391","202","105","","529"
"85","Fordham","27","4","23",".148","-9.65","1.72","2","14","","","","","1628","1935","","","568","1392",".408","97","306",".317","395","621",".636","","940","334","159","54","","502"
"86","Fresno State","33","22","11",".667","7.58","4.86","13","5","","","","","2652","2544","","","945","2029",".466","279","765",".365","483","750",".644","","1203","522","285","138","","693"
"87","Furman","27","10","17",".370","-11.34","-4.34","6","8","","","","","1984","2105","","","703","1634",".430","183","541",".338","395","550",".718","","1034","364","158","87","","460"
"88","George Mason","27","11","16",".407","-5.07","-3.68","6","10","","","","","2443","2476","","","887","1977",".449","176","548",".321","493","734",".672","","1234","388","223","69","","571"
"89","George Washington","29","21","8",".724","8.99","3.61","13","3","","","","","2263","2107","","","788","1733",".455","130","387",".336","557","795",".701","","1100","472","211","107","","590"
"90","Georgetown","37","29","8",".784","22.63","9.83","13","5","","","","","3082","2545","","","1121","2356",".476","188","568",".331","652","1027",".635","","1606","521","431","185","","721"
"91","Georgia Southern","26","3","23",".115","-20.66","-5.06","2","12","","","","","1470","1825","","","514","1310",".392","156","466",".335","286","475",".602","","871","286","140","61","","546"
"92","Georgia State","26","10","16",".385","-10.82","-7.10","6","10","","","","","1877","1972","","","677","1625",".417","109","353",".309","414","595",".696","","1055","332","164","73","","510"
"93","Georgia Tech","36","24","12",".667","16.96","12.71","13","3","","","","","2888","2735","","","1031","2161",".477","296","776",".381","530","754",".703","","1308","622","288","130","","606"
"94","Georgia","31","21","10",".677","19.30","8.14","9","7","","","","","2456","2110","","","912","1947",".468","198","570",".347","434","652",".666","","1235","569","308","130","","572"
"95","Gonzaga","30","21","9",".700","5.81","-1.23","10","4","","","","","2179","1937","","","769","1597",".482","158","439",".360","483","742",".651","","1093","440","156","90","","507"
"96","Grambling","28","12","16",".429","-12.39","-11.78","6","8","","","","","2103","2089","","","788","1762",".447","193","548",".352","334","602",".555","","1027","396","219","47","","502"
"97","Green Bay","29","25","4",".862","8.05","-0.88","16","0","","","","","1878","1620","","","665","1398",".476","120","313",".383","428","574",".746","","847","486","179","45","","459"
"98","Hampton","26","9","17",".346","-11.18","-4.51","0","0","","","","","1936","2069","","","680","1765",".385","190","606",".314","386","567",".681","","1010","265","220","56","","575"
"99","Hartford","28","6","22",".214","-12.44","-3.05","5","13","","","","","2042","2305","","","734","1749",".420","115","357",".322","459","643",".714","","1049","398","234","92","","572"
"100","Harvard","26","15","11",".577","-2.98","-8.54","7","7","","","","","1768","1581","","","623","1472",".423","139","400",".348","383","518",".739","","983","342","188","52","","484"
"101","Hawaii","28","10","18",".357","4.66","6.30","7","11","","","","","2149","2195","","","747","1530",".488","105","322",".326","550","732",".751","","850","387","185","62","","563"
"102","Hofstra","27","9","18",".333","-13.73","-5.46","5","13","","","","","1843","2039","","","665","1570",".424","122","373",".327","391","593",".659","","937","323","220","65","","610"
"103","Holy Cross","29","16","13",".552","-9.27","-9.20","8","4","","","","","2240","2246","","","791","1831",".432","150","497",".302","508","795",".639","","1220","469","262","126","","610"
"104","Houston","27","17","10",".630","3.57","3.05","11","3","","","","","2082","2015","","","755","1600",".472","133","404",".329","439","660",".665","","1124","396","214","117","","496"
"105","Howard","27","7","20",".259","-18.27","-11.00","6","10","","","","","1823","2015","","","616","1533",".402","130","408",".319","461","663",".695","","910","245","137","47","","601"
"106","Idaho State","26","11","15",".423","-9.41","-3.62","7","7","","","","","1810","1891","","","655","1499",".437","105","340",".309","395","624",".633","","869","359","225","70","","541"
"107","Idaho","28","12","16",".429","-4.27","-1.96","5","9","","","","","2030","2035","","","735","1618",".454","124","404",".307","436","611",".714","","1023","318","212","52","","508"
"108","Illinois-Chicago","28","10","18",".357","-6.83","-0.61","5","11","","","","","2152","2299","","","754","1824",".413","224","651",".344","420","611",".687","","1042","388","259","94","","591"
"109","Illinois State","34","22","12",".647","5.53","2.89","13","5","","","","","2441","2352","","","858","1884",".455","213","615",".346","512","769",".666","","1254","528","207","98","","668"
"110","Illinois","31","18","13",".581","13.96","7.86","7","11","","","","","2352","2163","","","844","1967",".429","231","662",".349","433","629",".688","","1147","500","207","84","","611"
"111","Indiana State","26","10","16",".385","-5.79","-0.79","6","12","","","","","1799","1929","","","613","1491",".411","127","425",".299","446","665",".671","","1025","315","147","41","","529"
"112","Indiana","31","19","12",".613","17.61","10.87","12","6","","","","","2349","2142","","","807","1709",".472","184","470",".391","551","784",".703","","1147","506","193","111","","568"
"113","Iona","29","21","8",".724","2.27","-2.14","10","4","","","","","2103","1975","","","741","1719",".431","136","411",".331","485","710",".683","","1141","353","210","176","","515"
"114","Iowa State","33","24","9",".727","10.90","7.24","9","5","","","","","2223","2091","","","746","1725",".432","140","417",".336","591","869",".680","","1129","435","223","99","","509"
"115","Iowa","32","23","9",".719","18.65","6.90","11","7","","","","","2548","2172","","","898","1871",".480","195","585",".333","557","777",".717","","1296","567","284","84","","571"
"116","Jackson State","29","16","13",".552","-8.68","-6.53","11","3","","","","","2199","2227","","","847","1929",".439","134","482",".278","371","590",".629","","1122","439","301","101","","620"
"117","Jacksonville State","27","10","17",".370","-10.79","-8.23","4","12","","","","","2203","2220","","","767","1692",".453","148","480",".308","521","723",".721","","1127","319","182","76","","557"
"118","Jacksonville","28","15","13",".536","-0.35","0.12","10","8","","","","","2122","2135","","","739","1628",".454","167","434",".385","477","749",".637","","1089","331","205","118","","561"
"119","James Madison","30","10","20",".333","-5.60","-0.14","6","10","","","","","2053","2217","","","737","1713",".430","181","503",".360","398","567",".702","","947","310","150","93","","538"
"120","Kansas State","29","17","12",".586","7.75","7.72","7","7","","","","","1970","1963","","","683","1626",".420","128","382",".335","476","735",".648","","1106","373","197","121","","533"
"121","Kansas","34","29","5",".853","21.39","7.24","12","2","","","","","2741","2219","","","960","2113",".454","220","674",".326","601","916",".656","","1445","600","323","204","","651"
"122","Kent State","27","14","13",".519","0.67","0.71","8","10","","","","","2051","2022","","","723","1616",".447","158","420",".376","447","603",".741","","986","429","182","73","","611"
"123","Kentucky","36","34","2",".944","32.14","10.06","16","0","","","","","3292","2497","","","1198","2461",".487","266","670",".397","630","883",".713","","1501","783","435","176","","729"
"124","La Salle","30","6","24",".200","-1.74","5.52","3","13","","","","","1903","2121","","","673","1807",".372","236","755",".313","321","508",".632","","1019","364","200","63","","526"
"125","Lafayette","27","7","20",".259","-12.38","-7.18","4","8","","","","","1832","1970","","","621","1531",".406","201","620",".324","389","568",".685","","948","313","185","84","","549"
"126","Lamar","27","12","15",".444","-2.78","-0.26","7","11","","","","","1971","1961","","","697","1602",".435","121","368",".329","456","693",".658","","1046","327","205","42","","543"
"127","Lehigh","27","4","23",".148","-18.82","-7.25","2","10","","","","","1837","2120","","","630","1517",".415","136","417",".326","441","670",".658","","939","281","159","67","","578"
"128","Liberty","29","17","12",".586","-5.69","-7.58","9","5","","","","","1981","1889","","","690","1522",".453","176","504",".349","425","594",".715","","1010","414","182","155","","531"
"129","Long Beach State","28","17","11",".607","4.16","0.42","12","6","","","","","2094","1944","","","746","1613",".462","159","465",".342","443","699",".634","","1039","402","284","68","","609"
"130","Long Island University","28","9","19",".321","-17.63","-6.41","5","13","","","","","2159","2440","","","800","2114",".378","188","662",".284","371","618",".600","","1149","385","317","99","","636"
"131","Louisiana-Lafayette","28","16","12",".571","1.29","0.09","9","9","","","","","2115","1996","","","728","1743",".418","219","666",".329","440","665",".662","","1005","370","327","122","","442"
"132","Louisiana-Monroe","30","16","14",".533","-2.52","-3.63","13","5","","","","","2318","2256","","","855","1878",".455","225","593",".379","383","556",".689","","1030","426","269","142","","508"
"133","Louisiana State","29","12","17",".414","2.50","5.14","4","12","","","","","2265","2300","","","809","1911",".423","194","614",".316","453","673",".673","","1201","438","273","102","","614"
"134","Louisiana Tech","28","11","17",".393","-4.05","-1.20","6","12","","","","","1738","1807","","","621","1484",".418","104","364",".286","392","606",".647","","993","323","163","61","","592"
"135","Louisville","34","22","12",".647","15.18","9.84","10","4","","","","","2602","2422","","","925","1906",".485","220","620",".355","532","785",".678","","1147","515","303","138","","634"
"136","Loyola (IL)","27","8","19",".296","-6.61","-1.61","5","11","","","","","1854","1963","","","671","1539",".436","160","466",".343","352","559",".630","","938","378","213","82","","574"
"137","Loyola Marymount","29","18","11",".621","-1.00","-0.89","8","6","","","","","2022","1991","","","692","1492",".464","132","402",".328","506","736",".688","","1092","355","180","77","","530"
"138","Loyola (MD)","27","12","15",".444","-4.28","-2.20","8","6","","","","","1807","1815","","","656","1483",".442","121","353",".343","374","591",".633","","905","325","246","108","","612"
"139","Maine","28","15","13",".536","-4.20","-5.49","11","7","","","","","1921","1885","","","696","1666",".418","157","462",".340","372","638",".583","","1132","402","226","65","","542"
"140","Manhattan","29","17","12",".586","4.03","-1.38","9","5","","","","","1959","1802","","","676","1530",".442","133","399",".333","474","686",".691","","1098","375","195","95","","503"
"141","Marist","29","22","7",".759","-1.02","-8.61","14","4","","","","","2094","1874","","","691","1570",".440","186","540",".344","526","742",".709","","1156","420","165","162","","477"
"142","Marquette","31","23","8",".742","14.45","4.93","10","4","","","","","2259","1964","","","792","1820",".435","215","599",".359","460","644",".714","","1223","461","166","166","","577"
"143","Marshall","28","17","11",".607","1.97","-3.81","8","6","","","","","2560","2367","","","927","1874",".495","284","712",".399","422","610",".692","","1084","447","278","96","","637"
"144","Maryland-Baltimore County","27","5","22",".185","-17.13","-6.17","3","11","","","","","1595","1891","","","535","1391",".385","148","447",".331","377","533",".707","","878","312","183","51","","561"
"145","Maryland-Eastern Shore","27","11","16",".407","-20.25","-13.21","6","10","","","","","1758","1872","","","625","1526",".410","116","364",".319","392","621",".631","","956","251","221","60","","476"
"146","Maryland","30","17","13",".567","15.00","9.94","8","8","","","","","2440","2288","","","860","1917",".449","185","544",".340","535","783",".683","","1158","529","329","88","","652"
"147","Massachusetts","37","35","2",".946","21.38","8.92","15","1","","","","","2768","2307","","","992","2187",".454","160","457",".350","624","918",".680","","1482","558","311","232","","643"
"148","McNeese State","27","15","12",".556","-2.80","-6.69","11","7","","","","","2119","2014","","","755","1629",".463","130","412",".316","479","727",".659","","925","438","330","90","","521"
"149","Memphis","30","22","8",".733","14.35","6.58","11","3","","","","","2205","1972","","","839","1834",".457","183","530",".345","344","557",".618","","1125","491","283","158","","508"
"150","Mercer","29","15","14",".517","-10.14","-6.81","7","9","","","","","2196","2243","","","772","1796",".430","171","565",".303","481","711",".677","","1183","433","188","127","","486"
"151","Miami (FL)","28","15","13",".536","7.77","7.42","8","10","","","","","1883","1873","","","667","1577",".423","145","455",".319","404","642",".629","","1087","392","224","121","","524"
"152","Miami (OH)","29","21","8",".724","10.60","0.81","12","6","","","","","2169","1854","","","761","1691",".450","188","471",".399","459","657",".699","","1095","352","220","95","","557"
"153","Michigan State","32","16","16",".500","6.78","9.04","9","9","","","","","1986","2053","","","732","1710",".428","120","373",".322","402","603",".667","","1204","402","156","73","","566"
"154","Michigan","32","21","11",".656","15.02","8.55","10","8","","","","","2283","2076","","","828","1875",".442","157","476",".330","470","699",".672","","1245","415","215","116","","583"
"155","Middle Tennessee","27","15","12",".556","-4.98","-5.94","9","7","","","","","1998","1958","","","709","1549",".458","131","367",".357","449","635",".707","","950","377","157","52","","517"
"156","Milwaukee","27","9","18",".333","-6.36","-2.06","5","11","","","","","1912","1986","","","677","1609",".421","156","452",".345","402","588",".684","","957","342","264","63","","657"
"157","Minnesota","32","19","13",".594","8.67","6.92","10","8","","","","","2227","2170","","","807","1899",".425","155","480",".323","458","715",".641","","1249","482","231","106","","666"
"158","Mississippi State","34","26","8",".765","16.20","8.73","10","6","","","","","2484","2230","","","881","1842",".478","214","558",".384","508","714",".711","","1325","520","222","175","","553"
"159","Mississippi Valley State","29","22","7",".759","-5.56","-11.92","11","3","","","","","2486","2218","","","925","2000",".463","166","525",".316","470","759",".619","","1402","401","241","109","","519"
"160","Mississippi","27","12","15",".444","5.90","4.90","6","10","","","","","1887","1818","","","675","1673",".403","149","468",".318","388","615",".631","","1082","384","237","66","","577"
"161","Missouri-Kansas City","27","12","15",".444","-9.60","-9.00","10","8","","","","","1888","1904","","","670","1549",".433","109","394",".277","439","678",".647","","1060","364","222","81","","512"
"162","Missouri State","28","16","12",".571","4.35","1.60","11","7","","","","","2096","2019","","","762","1673",".455","159","426",".373","413","613",".674","","1091","488","196","88","","528"
"163","Missouri","33","18","15",".545","7.16","5.07","6","8","","","","","2563","2494","","","874","1850",".472","154","391",".394","661","952",".694","","1296","483","189","103","","682"
"164","Monmouth","30","20","10",".667","-1.89","-5.56","14","4","","","","","2065","1955","","","734","1573",".467","127","353",".360","470","677",".694","","991","459","235","102","","502"
"165","Montana State","30","21","9",".700","7.48","-2.45","11","3","","","","","2425","2098","","","898","1800",".499","207","566",".366","422","620",".681","","1120","627","218","89","","496"
"166","Montana","28","20","8",".714","2.71","-3.13","10","4","","","","","2126","1924","","","740","1518",".487","130","373",".349","516","737",".700","","1001","483","221","95","","549"
"167","Morehead State","27","7","20",".259","-15.47","-1.56","2","14","","","","","1992","2227","","","699","1774",".394","227","643",".353","367","538",".682","","987","414","206","92","","564"
"168","Morgan State","27","7","20",".259","-19.34","-8.04","6","10","","","","","1853","2161","","","697","1739",".401","153","502",".305","306","503",".608","","899","415","282","76","","607"
"169","Mount St. Mary's","29","21","8",".724","0.83","-5.86","16","2","","","","","2193","1999","","","807","1808",".446","255","671",".380","324","448",".723","","922","482","276","118","","506"
"170","Murray State","29","19","10",".655","1.18","-3.01","12","4","","","","","2325","2126","","","843","1840",".458","165","492",".335","474","655",".724","","1140","399","249","109","","623"
"171","Navy","27","15","12",".556","-10.10","-8.18","9","3","","","","","1772","1762","","","654","1604",".408","114","357",".319","350","555",".631","","1091","362","204","77","","579"
"172","Nebraska","35","21","14",".600","10.29","5.58","4","10","","","","","2808","2643","","","1007","2089",".482","176","494",".356","618","897",".689","","1353","608","292","185","","785"
"173","Nevada-Las Vegas","26","10","16",".385","-2.34","-0.50","7","11","","","","","1743","1791","","","634","1445",".439","141","402",".351","334","583",".573","","916","357","180","34","","517"
"174","Nevada","29","16","13",".552","0.45","0.04","9","9","","","","","2119","2107","","","744","1732",".430","161","566",".284","470","689",".682","","1056","403","197","83","","582"
"175","New Hampshire","27","6","21",".222","-12.30","-4.04","5","13","","","","","2000","2223","","","696","1623",".429","174","507",".343","434","635",".683","","987","394","184","69","","585"
"176","New Mexico State","26","11","15",".423","-3.12","0.48","8","10","","","","","1767","1833","","","612","1539",".398","164","553",".297","379","566",".670","","942","283","175","63","","488"
"177","New Mexico","33","28","5",".848","11.55","3.42","14","4","","","","","2567","2293","","","889","1802",".493","220","578",".381","569","814",".699","","1204","515","228","137","","606"
"178","New Orleans","30","21","9",".700","5.97","1.47","14","4","","","","","2178","2043","","","780","1715",".455","189","526",".359","429","649",".661","","1139","449","208","80","","601"
"179","Niagara","28","13","15",".464","-8.09","-4.26","6","8","","","","","1780","1887","","","620","1514",".410","142","438",".324","398","598",".666","","961","368","218","103","","560"
"180","Nicholls State","26","5","21",".192","-15.73","-3.77","5","13","","","","","1724","2035","","","616","1553",".397","119","383",".311","373","576",".648","","950","293","194","81","","600"
"181","North Carolina-Asheville","28","18","10",".643","-8.55","-7.80","9","5","","","","","2035","1935","","","717","1540",".466","183","475",".385","418","616",".679","","983","454","236","94","","469"
"182","North Carolina A&T","27","10","17",".370","-21.04","-11.25","7","9","","","","","1799","2014","","","656","1513",".434","129","393",".328","358","575",".623","","960","312","177","153","","611"
"183","North Carolina-Greensboro","30","20","10",".667","-1.94","-7.18","11","3","","","","","2129","1972","","","745","1615",".461","205","503",".408","434","664",".654","","1104","452","190","121","","486"
"184","North Carolina State","31","15","16",".484","14.08","7.98","3","13","","","","","2517","2318","","","884","2017",".438","292","809",".361","457","622",".735","","1218","550","239","115","","562"
"185","North Carolina-Wilmington","29","13","16",".448","-0.03","0.94","9","7","","","","","1666","1694","","","581","1465",".397","160","457",".350","344","552",".623","","966","329","158","50","","529"
"186","North Carolina","32","21","11",".656","18.02","11.42","10","6","","","","","2484","2273","","","919","1869",".492","235","593",".396","411","613",".670","","1243","559","172","110","","471"
"187","North Texas","28","15","13",".536","-4.92","-5.70","12","6","","","","","1884","1867","","","641","1427",".449","162","420",".386","440","667",".660","","938","376","173","64","","500"
"188","Northeastern Illinois","27","14","13",".519","-11.31","-10.39","10","8","","","","","2110","2074","","","760","1841",".413","165","516",".320","425","670",".634","","1032","404","320","78","","636"
"189","Northeastern","28","4","24",".143","-15.71","-3.42","2","16","","","","","1823","2167","","","673","1670",".403","100","360",".278","377","600",".628","","1032","278","178","59","","632"
"190","Northern Arizona","26","6","20",".231","-13.08","-3.04","3","11","","","","","1727","1934","","","644","1459",".441","117","390",".300","322","489",".658","","853","368","218","47","","481"
"191","Northern Illinois","30","20","10",".667","4.37","-3.60","10","6","","","","","2249","1979","","","812","1797",".452","197","565",".349","428","651",".657","","1215","464","198","108","","500"
"192","Northern Iowa","27","14","13",".519","2.69","1.06","8","10","","","","","2083","2039","","","701","1579",".444","204","541",".377","477","677",".705","","967","344","226","92","","542"
"193","Northwestern State","26","5","21",".192","-13.78","-6.22","3","15","","","","","1760","1957","","","599","1485",".403","101","332",".304","461","680",".678","","1019","344","155","54","","573"
"194","Northwestern","27","7","20",".259","-3.72","5.95","2","16","","","","","1728","1989","","","605","1499",".404","150","472",".318","368","573",".642","","915","326","152","71","","532"
"195","Notre Dame","27","9","18",".333","5.99","10.65","4","14","","","","","1803","1929","","","660","1534",".430","127","425",".299","356","572",".622","","1012","405","187","74","","593"
"196","Ohio State","27","10","17",".370","3.20","7.35","3","15","","","","","1808","1920","","","651","1469",".443","111","331",".335","395","592",".667","","898","369","212","59","","590"
"197","Ohio","30","16","14",".533","4.20","2.55","11","7","","","","","2221","2150","","","815","1772",".460","117","395",".296","474","680",".697","","1206","385","159","150","","589"
"198","Oklahoma State","27","17","10",".630","12.08","6.08","7","7","","","","","1896","1725","","","716","1552",".461","136","373",".365","328","576",".569","","968","442","231","56","","501"
"199","Oklahoma","30","17","13",".567","12.80","6.83","8","6","","","","","2371","2192","","","863","1945",".444","207","576",".359","438","618",".709","","1222","484","201","82","","575"
"200","Old Dominion","31","18","13",".581","-0.27","-0.24","12","4","","","","","2209","2209","","","783","1685",".465","159","466",".341","484","705",".687","","1129","486","222","166","","638"
"201","Oral Roberts","27","18","9",".667","-0.28","-4.88","","","","","","","2044","1844","","","757","1542",".491","173","447",".387","357","567",".630","","987","472","256","87","","530"
"202","Oregon State","27","4","23",".148","-2.33","9.01","2","16","","","","","1518","1818","","","544","1346",".404","130","415",".313","300","477",".629","","778","303","188","41","","522"
"203","Oregon","29","16","13",".552","7.56","7.21","9","9","","","","","2212","2087","","","762","1734",".439","210","587",".358","478","740",".646","","1108","431","211","84","","551"
"204","Pacific","27","15","12",".556","3.99","-0.55","11","7","","","","","1965","1833","","","683","1555",".439","241","628",".384","358","552",".649","","1001","440","177","93","","553"
"205","Penn State","28","21","7",".750","17.08","6.33","12","6","","","","","2095","1794","","","728","1555",".468","197","482",".409","442","642",".688","","1077","473","206","143","","491"
"206","Pennsylvania","27","17","10",".630","0.69","-4.87","12","2","","","","","1854","1704","","","636","1560",".408","175","520",".337","407","629",".647","","1107","346","196","90","","505"
"207","Pepperdine","28","10","18",".357","-6.57","-0.83","2","12","","","","","1952","2093","","","729","1591",".458","101","306",".330","393","600",".655","","980","341","175","87","","559"
"208","Pittsburgh","27","10","17",".370","10.97","9.60","5","13","","","","","1948","1911","","","680","1639",".415","204","575",".355","384","563",".682","","978","416","234","97","","622"
"209","Portland","30","19","11",".633","1.75","-0.18","7","7","","","","","2287","2165","","","854","1924",".444","144","461",".312","435","620",".702","","1060","493","257","61","","621"
"210","Prairie View","27","4","23",".148","-31.93","-5.97","0","14","","","","","2214","2696","","","838","1978",".424","161","573",".281","377","630",".598","","1093","364","258","44","","665"
"211","Princeton","29","22","7",".759","2.53","-4.15","12","2","","","","","1714","1498","","","599","1275",".470","212","613",".346","304","441",".689","","776","348","159","55","","499"
"212","Providence","30","18","12",".600","12.84","9.44","9","9","","","","","2347","2245","","","825","1899",".434","191","573",".333","506","706",".717","","1165","477","270","103","","522"
"213","Purdue","32","26","6",".813","17.24","8.49","15","3","","","","","2338","2058","","","816","1733",".471","157","441",".356","549","816",".673","","1146","521","257","113","","579"
"214","Radford","27","14","13",".519","-7.36","-7.56","8","6","","","","","2016","1938","","","759","1608",".472","158","404",".391","340","463",".734","","947","362","221","93","","519"
"215","Rhode Island","34","20","14",".588","8.85","3.53","8","8","","","","","2599","2418","","","922","2121",".435","219","619",".354","536","790",".678","","1319","526","273","169","","570"
"216","Rice","28","14","14",".500","0.76","1.76","5","9","","","","","1911","1939","","","670","1542",".435","130","341",".381","441","673",".655","","1029","332","164","83","","521"
"217","Richmond","28","8","20",".286","-5.70","0.27","3","13","","","","","1925","2092","","","693","1540",".450","174","472",".369","365","531",".687","","955","359","154","86","","544"
"218","Rider","30","19","11",".633","-0.57","-5.27","12","6","","","","","2238","2097","","","787","1730",".455","183","503",".364","481","661",".728","","1041","517","220","137","","595"
"219","Robert Morris","28","5","23",".179","-17.71","-7.08","2","16","","","","","1811","2064","","","640","1591",".402","186","503",".370","345","500",".690","","965","332","137","30","","606"
"220","Rutgers","27","9","18",".333","5.31","10.62","6","12","","","","","1926","2012","","","651","1615",".403","193","525",".368","431","597",".722","","955","357","204","95","","540"
"221","Sacramento State","27","7","20",".259","-14.27","-2.03","2","4","","","","","1817","2112","","","649","1614",".402","166","576",".288","353","558",".633","","1032","337","207","118","","523"
"222","Saint Francis (PA)","27","13","14",".481","-11.62","-5.99","11","7","","","","","1773","1925","","","616","1478",".417","167","457",".365","374","531",".704","","922","362","176","86","","514"
"223","Saint Joseph's","32","19","13",".594","7.38","4.16","9","7","","","","","2355","2252","","","800","1875",".427","205","598",".343","550","770",".714","","1241","412","195","75","","645"
"224","Saint Louis","30","16","14",".533","4.88","4.52","4","10","","","","","1937","1924","","","637","1579",".403","181","506",".358","482","717",".672","","1029","383","175","46","","488"
"225","Saint Mary's (CA)","27","12","15",".444","-1.24","0.02","5","9","","","","","1938","1972","","","643","1458",".441","233","648",".360","419","641",".654","","926","446","180","69","","585"
"226","Saint Peter's","27","15","12",".556","0.26","-4.63","5","9","","","","","1834","1702","","","680","1493",".455","123","305",".403","351","501",".701","","973","393","203","82","","546"
"227","Sam Houston State","27","11","16",".407","-7.62","-5.94","9","9","","","","","1977","2027","","","667","1483",".450","186","492",".378","457","660",".692","","970","485","199","108","","572"
"228","Samford","27","16","11",".593","-6.61","-7.73","11","5","","","","","1854","1770","","","556","1325",".420","243","632",".384","499","669",".746","","898","295","116","48","","520"
"229","San Diego State","29","15","14",".517","4.01","3.05","8","10","","","","","2200","2154","","","793","1774",".447","157","457",".344","457","635",".720","","1024","455","254","67","","537"
"230","San Diego","28","14","14",".500","-1.53","0.06","6","8","","","","","1906","1930","","","655","1438",".455","165","447",".369","431","638",".676","","880","404","183","65","","542"
"231","San Francisco","27","15","12",".556","0.33","0.73","8","6","","","","","1758","1727","","","603","1372",".440","124","385",".322","428","611",".700","","926","337","205","31","","465"
"232","San Jose State","30","13","17",".433","-3.16","1.21","9","9","","","","","2161","2292","","","782","1756",".445","99","378",".262","498","763",".653","","1077","422","208","92","","597"
"233","Santa Clara","29","20","9",".690","8.81","4.09","10","4","","","","","2054","1917","","","686","1631",".421","194","534",".363","488","699",".698","","1066","403","200","67","","566"
"234","Seton Hall","28","12","16",".429","7.06","10.88","7","11","","","","","2054","2161","","","745","1743",".427","119","411",".290","445","695",".640","","1047","373","245","108","","550"
"235","Siena","27","5","22",".185","-11.34","-2.38","1","13","","","","","1681","1923","","","583","1563",".373","172","516",".333","343","523",".656","","973","359","166","59","","538"
"236","South Alabama","27","12","15",".444","-2.91","-1.19","7","11","","","","","1547","1571","","","573","1314",".436","91","276",".330","310","477",".650","","865","334","189","59","","482"
"237","South Carolina State","30","22","8",".733","-5.26","-13.08","14","2","","","","","2160","1927","","","781","1715",".455","136","434",".313","462","719",".643","","1205","380","193","139","","478"
"238","South Carolina","31","19","12",".613","11.01","6.23","8","8","","","","","2428","2280","","","856","1788",".479","174","512",".340","542","777",".698","","1163","424","206","109","","511"
"239","South Florida","28","12","16",".429","3.62","3.41","2","12","","","","","1831","1824","","","634","1510",".420","152","493",".308","411","630",".652","","1079","349","167","114","","474"
"240","Southeast Missouri State","27","8","19",".296","-12.22","-4.10","5","11","","","","","1905","2112","","","735","1668",".441","146","467",".313","289","471",".614","","998","377","204","104","","524"
"241","Southeastern Louisiana","27","15","12",".556","-8.16","-8.12","11","5","","","","","2296","2249","","","829","1902",".436","213","673",".316","425","655",".649","","1183","415","225","117","","561"
"242","Southern California","30","11","19",".367","2.31","7.98","4","14","","","","","2184","2354","","","781","1813",".431","133","415",".320","489","718",".681","","1045","381","187","133","","632"
"243","Southern Illinois","29","11","18",".379","-2.04","1.63","4","14","","","","","2081","2181","","","751","1899",".395","268","778",".344","311","482",".645","","1080","427","195","72","","626"
"244","Southern Methodist","28","8","20",".286","-2.38","5.12","3","11","","","","","1821","1945","","","646","1515",".426","178","541",".329","351","574",".611","","1038","375","172","66","","507"
"245","Southern Mississippi","27","12","15",".444","3.90","5.79","6","8","","","","","1846","1881","","","656","1731",".379","195","632",".309","335","506",".662","","1030","290","224","83","","497"
"246","Southern Utah","28","15","13",".536","-5.01","-3.89","3","3","","","","","2088","1965","","","742","1626",".456","210","538",".390","394","577",".683","","990","361","208","45","","535"
"247","Southern","28","17","11",".607","-7.79","-11.75","9","5","","","","","2521","2375","","","908","1987",".457","252","690",".365","453","675",".671","","1103","377","276","60","","601"
"248","St. Bonaventure","28","10","18",".357","-0.36","3.35","4","12","","","","","1774","1877","","","631","1719",".367","126","478",".264","386","602",".641","","1110","268","207","105","","601"
"249","St. Francis (NY)","27","9","18",".333","-16.79","-10.72","3","15","","","","","1807","1971","","","660","1474",".448","142","417",".341","345","542",".637","","973","325","186","71","","497"
"250","St. John's (NY)","27","11","16",".407","7.51","9.95","5","13","","","","","2055","2121","","","721","1646",".438","125","398",".314","488","686",".711","","1062","402","190","99","","548"
"251","Stanford","29","20","9",".690","14.85","6.33","12","6","","","","","2181","1934","","","735","1650",".445","153","445",".344","558","736",".758","","1073","466","181","52","","525"
"252","Stephen F. Austin","28","17","11",".607","-6.41","-6.72","11","7","","","","","2231","2181","","","776","1787",".434","196","624",".314","483","730",".662","","1162","480","210","58","","515"
"253","Stetson","27","10","17",".370","-11.99","-5.79","6","10","","","","","1833","1945","","","655","1472",".445","176","475",".371","347","464",".748","","870","379","188","75","","510"
"254","Syracuse","38","29","9",".763","18.99","11.35","12","6","","","","","2897","2607","","","1027","2203",".466","199","553",".360","644","913",".705","","1455","654","296","159","","697"
"255","Temple","33","20","13",".606","11.08","9.29","12","4","","","","","1981","1922","","","705","1811",".389","182","615",".296","389","625",".622","","1252","327","244","86","","506"
"256","Tennessee-Martin","27","13","14",".481","-8.79","-4.58","9","7","","","","","2023","2054","","","737","1545",".477","159","445",".357","390","580",".672","","929","460","224","37","","485"
"257","Tennessee State","28","15","13",".536","-6.66","-4.40","11","5","","","","","2086","2149","","","785","1806",".435","140","499",".281","376","530",".709","","1134","374","197","79","","525"
"258","Tennessee Tech","28","13","15",".464","-6.47","-4.99","7","9","","","","","2220","2135","","","806","1786",".451","171","525",".326","437","686",".637","","1180","446","199","156","","563"
"259","Tennessee","29","14","15",".483","8.72","9.20","6","10","","","","","1813","1827","","","615","1428",".431","171","444",".385","412","632",".652","","1007","384","143","91","","536"
"260","Texas A&M","27","11","16",".407","-0.68","0.46","3","11","","","","","1815","1846","","","649","1477",".439","164","497",".330","353","515",".685","","887","419","231","96","","607"
"261","Texas-Arlington","26","11","15",".423","-11.08","-6.76","7","11","","","","","1868","1962","","","661","1441",".459","127","399",".318","419","644",".651","","922","405","170","59","","480"
"262","Texas Christian","30","15","15",".500","0.10","2.89","6","8","","","","","2519","2552","","","909","2117",".429","169","542",".312","532","759",".701","","1311","514","223","151","","646"
"263","Texas-El Paso","28","13","15",".464","3.63","4.59","4","14","","","","","2037","1992","","","702","1534",".458","182","465",".391","451","637",".708","","982","354","168","60","","576"
"264","Texas-Rio Grande Valley","28","9","19",".321","-5.52","-1.19","6","12","","","","","1699","1789","","","616","1532",".402","130","420",".310","337","544",".619","","956","341","257","58","","557"
"265","Texas-San Antonio","28","14","14",".500","-6.03","-4.69","12","6","","","","","2149","2187","","","752","1664",".452","177","508",".348","468","683",".685","","1070","426","230","98","","618"
"266","Texas Southern","26","11","15",".423","-15.69","-7.82","7","7","","","","","2052","2191","","","699","1654",".423","148","502",".295","506","709",".714","","1058","303","154","133","","540"
"267","Texas State","26","11","15",".423","-11.43","-6.18","7","11","","","","","1602","1674","","","579","1382",".419","93","297",".313","351","538",".652","","946","322","198","42","","582"
"268","Texas Tech","32","30","2",".938","14.86","2.11","14","0","","","","","2629","2221","","","908","1983",".458","251","714",".352","562","850",".661","","1358","560","170","123","","539"
"269","Texas","31","21","10",".677","12.44","5.06","10","4","","","","","2535","2306","","","891","2160",".413","239","752",".318","514","774",".664","","1291","427","348","87","","747"
"270","Toledo","32","18","14",".563","2.57","1.85","9","9","","","","","2356","2249","","","822","1670",".492","149","389",".383","563","755",".746","","1030","496","193","55","","580"
"271","Towson","28","16","12",".571","-2.15","-2.82","11","7","","","","","2102","2065","","","812","1755",".463","120","330",".364","358","520",".688","","1017","395","238","77","","562"
"272","Troy","27","11","16",".407","-19.17","-11.65","8","10","","","","","2551","2619","","","899","2088",".431","300","884",".339","453","639",".709","","1091","419","270","78","","544"
"273","Tulane","32","22","10",".688","11.43","4.87","9","5","","","","","2478","2268","","","906","1954",".464","181","546",".332","485","767",".632","","1227","532","329","175","","620"
"274","Tulsa","30","22","8",".733","12.92","1.52","12","6","","","","","2292","1950","","","776","1766",".439","181","534",".339","559","846",".661","","1295","492","291","136","","594"
"275","UCLA","31","23","8",".742","14.15","7.34","16","2","","","","","2399","2188","","","897","1698",".528","118","314",".376","487","722",".675","","1155","508","202","162","","528"
"276","Utah State","33","18","15",".545","0.66","0.00","10","8","","","","","2346","2245","","","810","1717",".472","135","386",".350","591","884",".669","","1302","491","195","65","","572"
"277","Utah","34","27","7",".794","18.52","6.42","15","3","","","","","2609","2171","","","887","1845",".481","186","498",".373","649","828",".784","","1347","535","217","112","","612"
"278","Valparaiso","32","21","11",".656","-5.13","-9.20","13","5","","","","","2503","2346","","","915","1910",".479","201","534",".376","472","708",".667","","1178","522","255","62","","652"
"279","Vanderbilt","32","18","14",".563","7.95","7.14","7","9","","","","","2421","2371","","","862","1909",".452","194","552",".351","503","719",".700","","1093","452","228","76","","607"
"280","Vermont","27","12","15",".444","-9.96","-4.76","10","8","","","","","2012","2123","","","681","1664",".409","212","608",".349","438","607",".722","","1003","362","177","117","","526"
"281","Villanova","33","26","7",".788","20.34","11.46","14","4","","","","","2492","2199","","","877","1895",".463","212","606",".350","526","754",".698","","1254","550","240","185","","598"
"282","Virginia Commonwealth","33","24","9",".727","7.42","-0.09","14","2","","","","","2438","2190","","","890","1908",".466","153","483",".317","505","777",".650","","1328","513","246","129","","553"
"283","VMI","28","18","10",".643","-3.39","-4.59","10","4","","","","","2358","2228","","","833","1942",".429","223","650",".343","469","623",".753","","1124","404","276","75","","565"
"284","Virginia Tech","29","23","6",".793","11.52","4.25","13","3","","","","","2036","1825","","","750","1640",".457","155","392",".395","381","546",".698","","1011","464","184","91","","458"
"285","Virginia","27","12","15",".444","12.31","11.64","6","10","","","","","1875","1857","","","656","1578",".416","178","520",".342","385","554",".695","","1059","304","120","126","","518"
"286","Wagner","27","10","17",".370","-9.83","-7.79","7","11","","","","","1994","2049","","","687","1627",".422","174","549",".317","446","610",".731","","1108","367","180","129","","530"
"287","Wake Forest","32","26","6",".813","18.26","10.73","12","4","","","","","2204","1963","","","757","1628",".465","260","618",".421","430","611",".704","","1155","429","151","171","","447"
"288","Washington State","29","17","12",".586","10.14","5.86","8","10","","","","","2192","2068","","","775","1667",".465","181","464",".390","461","637",".724","","1023","447","178","81","","528"
"289","Washington","28","16","12",".571","7.81","5.27","9","9","","","","","1960","1889","","","713","1636",".436","144","421",".342","390","625",".624","","982","421","269","107","","559"
"290","Weber State","30","20","10",".667","4.15","-0.53","10","4","","","","","2524","2350","","","880","1766",".498","245","577",".425","519","675",".769","","1066","530","238","77","","607"
"291","West Virginia","27","12","15",".444","10.95","8.17","7","11","","","","","2152","2077","","","788","1674",".471","132","420",".314","444","681",".652","","1029","441","222","105","","540"
"292","Western Carolina","30","17","13",".567","-4.85","-4.30","10","4","","","","","2431","2397","","","870","1866",".466","204","503",".406","487","696",".700","","1124","464","216","84","","586"
"293","Western Illinois","29","17","12",".586","-12.38","-10.12","12","6","","","","","2147","2159","","","798","1702",".469","121","395",".306","430","648",".664","","1078","473","237","90","","571"
"294","Western Kentucky","27","13","14",".481","2.89","0.85","10","8","","","","","2056","2004","","","729","1639",".445","188","554",".339","410","575",".713","","956","383","236","79","","553"
"295","Western Michigan","27","15","12",".556","2.88","1.84","13","5","","","","","1903","1875","","","693","1469",".472","140","352",".398","377","542",".696","","853","389","206","81","","476"
"296","Wichita State","29","8","21",".276","-3.02","2.74","4","14","","","","","1770","1937","","","650","1671",".389","108","392",".276","362","573",".632","","1138","397","175","61","","559"
"297","William & Mary","26","10","16",".385","-2.86","-1.46","6","10","","","","","1923","1925","","","680","1471",".462","173","470",".368","390","620",".629","","993","373","149","164","","490"
"298","Winthrop","26","7","19",".269","-17.86","-5.26","6","8","","","","","1780","2081","","","636","1503",".423","172","522",".330","336","519",".647","","936","362","180","68","","543"
"299","Wisconsin","32","17","15",".531","7.89","7.80","8","10","","","","","2114","2073","","","726","1672",".434","189","551",".343","473","680",".696","","1071","415","201","91","","594"
"300","Wofford","26","4","22",".154","-22.22","-2.39","","","","","","","1684","2066","","","638","1565",".408","164","494",".332","244","358",".682","","807","367","159","24","","560"
"301","Wright State","27","14","13",".519","-1.72","-0.49","8","8","","","","","1984","1967","","","737","1549",".476","73","257",".284","437","657",".665","","968","412","204","53","","482"
"302","Wyoming","29","14","15",".483","2.70","5.78","8","10","","","","","2146","2168","","","716","1686",".425","173","556",".311","541","745",".726","","972","370","250","75","","636"
"303","Xavier","28","13","15",".464","3.24","2.24","8","8","","","","","2110","2082","","","678","1567",".433","140","405",".346","614","868",".707","","1046","368","206","83","","630"
"304","Yale","26","8","18",".308","-16.11","-7.79","3","11","","","","","1598","1798","","","553","1383",".400","139","369",".377","353","513",".688","","857","265","177","54","","520"
"305","Youngstown State","27","12","15",".444","-12.18","-12.50","7","11","","","","","1828","1754","","","669","1555",".430","148","446",".332","342","543",".630","","1068","400","206","67","","521"
